household_ID,Consumption
ID0013,18.9574904
ID0018,51.46986091
ID0041,11.11848078
ID0043,35.47178742
ID0052,35.83857558
ID0053,20.76350249
ID0060,54.82617898
ID0063,16.66390887
ID0066,57.38775975
ID0106,8.17681014
ID0108,43.68163563
ID0111,11.40538636
ID0112,4.76074206
ID0113,11.85592206
ID0116,10.99611451
ID0118,26.15247777
ID0119,2.108456058
ID0124,17.95947649
ID0126,1.569309733
ID0127,85.3581512
ID0128,14.11298691
ID0129,12.37981085
ID0130,25.46510346
ID0135,42.59903467
ID0143,13.91532154
ID0144,10.41543429
ID0154,25.95813488
ID0177,92.66379483
ID0178,22.2249654
ID0183,2.131787032
ID0189,110.2206665
ID0198,42.97123728
ID0202,31.60513989
ID0210,59.28295994
ID0220,30.11841762
ID0222,29.40606475
ID0225,29.21219746
ID0226,23.98533788
ID0231,8.746398608
ID0232,39.58782568
ID0234,38.9404869
ID0238,15.59908813
ID0239,16.70341301
ID0246,53.85826549
ID0250,42.47183432
ID0251,27.38927928
ID0252,16.94629382
ID0257,33.36263079
ID0261,15.34715334
ID0264,101.9470253
ID0267,21.86506755
ID0270,31.64667519
ID0271,4.098117629
ID0276,32.06285075
ID0283,8.144165196
ID0290,10.21088415
ID0295,22.47331898
ID0296,45.07271741
ID0300,12.89452421
ID0310,12.78373988
ID0311,24.38357744
ID0313,22.36318292
ID0316,24.42597928
ID0319,25.23805613
ID0321,41.66834416
ID0327,10.40301136
ID0332,16.85354277
ID0334,21.17633432
ID0345,34.72986985
ID0347,11.07231014
ID0349,15.15285191
ID0351,0.376973278
ID0352,23.34328097
ID0355,21.82718481
ID0360,7.520563536
ID0361,6.619806344
ID0372,25.15748591
ID0376,11.20351432
ID0381,32.52311253
ID0385,10.97712845
ID0388,26.07823105
ID0391,33.49990292
ID0392,54.37971219
ID0396,19.13440454
ID0400,0.579485171
ID0401,16.71551156
ID0409,21.07060102
ID0411,13.12440789
ID0417,81.38110314
ID0421,9.116386249
ID0428,17.28853035
ID0429,16.22009667
ID0435,8.650976522
ID0440,35.94640431
ID0445,29.46572051
ID0448,23.86574494
ID0449,4.827592882
ID0453,22.6491886
ID0456,20.88919883
ID0457,31.84610492
ID0465,18.81365389
ID0468,25.34214351
ID0474,25.7868969
ID0475,31.38431915
ID0476,15.32604926
ID0478,21.21575016
ID0479,14.76174044
ID0485,3.673936687
ID0486,16.98313643
ID0487,36.19657149
ID0488,8.137145269
ID0489,12.74398948
ID0490,6.866641302
ID0491,37.84413617
ID0495,15.03888121
ID0497,27.88501923
ID0499,65.23355635
ID0502,28.4340233
ID0504,15.14905636
ID0505,24.3793004
ID0512,15.63477431
ID0515,17.77119543
ID0521,5.986574482
ID0524,33.61087189
ID0526,19.3450235
ID0527,23.47947046
ID0529,12.21151515
ID0531,12.20157082
ID0533,39.7745105
ID0544,43.06327482
ID0545,114.445092
ID0550,35.24743326
ID0551,45.69910262
ID0552,15.43482854
ID0555,61.0515099
ID0557,31.40872944
ID0558,85.89782333
ID0568,40.22411388
ID0579,15.01094858
ID0580,35.35395687
ID0584,23.21855033
ID0588,32.88951009
ID0595,27.32446503
ID0596,46.3754896
ID0597,42.17159342
ID0600,33.71101294
ID0607,14.31964496
ID0610,27.50866563
ID0611,42.60403286
ID0613,8.600985438
ID0618,27.25051507
ID0619,19.11756264
ID0621,34.06469087
ID0624,31.16481759
ID0625,19.56203218
ID0632,6.113386717
ID0633,20.35021934
ID0634,16.05841353
ID0636,23.75009781
ID0642,11.56253187
ID0643,22.00861484
ID0645,23.07374587
ID0654,40.07181646
ID0656,29.17027336
ID0657,26.18469956
ID0658,15.81379997
ID0662,18.78157825
ID0664,40.19967922
ID0671,82.78323382
ID0680,44.4869833
ID0681,13.02675281
ID0682,72.50841541
ID0683,12.25153906
ID0684,36.7378275
ID0685,4.965667323
ID0693,29.06792295
ID0698,12.59775508
ID0699,27.80383435
ID0701,18.3799956
ID0707,13.11155003
ID0708,17.1878259
ID0709,33.97186399
ID0710,30.88615456
ID0711,15.51659411
ID0714,21.84380213
ID0726,21.91565617
ID0733,29.95995019
ID0734,16.77169981
ID0736,26.00660419
ID0738,37.26083593
ID0741,153.3551828
ID0743,5.329079544
ID0747,32.74867423
ID0750,16.5815363
ID0751,57.20362131
ID0753,37.3999586
ID0756,25.87017007
ID0757,5.581529942
ID0759,3.428291774
ID0761,11.57520167
ID0768,11.5952619
ID0771,29.82327252
ID0772,68.04444323
ID0773,22.11162852
ID0774,48.92262073
ID0775,60.35409005
ID0779,24.52246544
ID0780,27.3286113
ID0781,93.25218155
ID0792,70.0325963
ID0796,49.4906023
ID0808,33.37824037
ID0810,1.028919553
ID0811,32.25051585
ID0814,17.95911763
ID0822,61.26867083
ID0823,25.9491469
ID0825,19.32030033
ID0828,47.49119964
ID0829,15.86653961
ID0835,1.737762058
ID0836,17.05408839
ID0838,8.364600273
ID0839,15.92600248
ID0840,39.89653022
ID0841,42.63416225
ID0842,4.538232463
ID0843,60.28296957
ID0844,99.32172073
ID0845,28.51078511
ID0848,36.85603508
ID0850,32.74560034
ID0851,17.86357352
ID0852,33.95082809
ID0854,16.2752721
ID0857,33.86680552
ID0861,12.07986322
ID0864,28.02816045
ID0868,42.07553326
ID0870,16.87460338
ID0871,3.317130276
ID0873,11.76903686
ID0875,4.932395633
ID0886,12.0765609
ID0887,22.26618212
ID0895,29.41136949
ID0902,25.80290431
ID0906,31.2636296
ID0910,8.4314961
ID0913,20.65601563
ID0914,14.55323292
ID0915,12.74779038
ID0920,4.275482976
ID0922,22.31216231
ID0926,0.020727431
ID0930,25.16663149
ID0933,19.42652016
ID0936,27.66140251
ID0937,19.47978624
ID0938,11.77566252
ID0940,20.52672163
ID0942,22.25919932
ID0947,5.043739502
ID0951,27.65650547
ID0952,25.4259263
ID0953,28.61285855
ID0954,44.35025055
ID0967,17.46045744
ID0968,24.1365873
ID0979,21.96315602
ID0981,26.87567731
ID0987,73.41227696
ID0990,17.92268393
ID0991,14.01303357
ID0992,20.99011952
ID0999,29.18018424
ID1004,8.12448605
ID1006,18.86694652
ID1007,22.89088027
ID1008,20.56509729
ID1009,44.09029698
ID1015,18.23736172
ID1016,16.80571298
ID1017,30.23108371
ID1019,17.15815369
ID1024,13.61271931
ID1025,37.09973886
ID1026,18.71201694
ID1027,20.06860229
ID1028,25.92905648
ID1030,8.013646652
ID1031,34.97758839
ID1032,18.83366658
ID1033,12.70983351
ID1034,23.26403163
ID1038,14.11968387
ID1051,56.76260588
ID1054,32.28047442
ID1065,6.552568998
ID1067,16.77406765
ID1068,18.78553746
ID1069,13.38628988
ID1070,31.4683226
ID1074,16.92022243
ID1076,15.94163108
ID1081,24.98004676
ID1088,21.09307189
ID1092,16.29627159
ID1097,62.43567802
ID1098,15.75636462
ID1102,21.43248423
ID1103,25.76098151
ID1104,13.59218318
ID1106,9.9025636
ID1107,10.03148706
ID1110,33.81777337
ID1112,12.10765601
ID1113,11.06071835
ID1114,58.04214062
ID1115,17.09424698
ID1126,73.87239748
ID1127,61.03186713
ID1132,153.5888822
ID1133,16.33026759
ID1134,32.54313993
ID1135,13.51826117
ID1136,21.27657465
ID1137,15.36351534
ID1138,19.28025995
ID1139,34.09218495
ID1140,21.93187937
ID1144,12.81365097
ID1145,23.19670095
ID1146,16.53733399
ID1165,161.7800215
ID1167,14.69310303
ID1179,7.045763316
ID1184,57.88068468
ID1188,11.79231304
ID1191,41.38866853
ID1197,22.70132643
ID1205,12.90810562
ID1209,23.78811737
ID1215,18.54416186
ID1217,47.81844483
ID1218,16.32245104
ID1223,5.941103696
ID1226,1.496017914
ID1231,40.36436773
ID1233,30.73233405
ID1234,18.42140709
ID1235,16.08347962
ID1240,15.99890889
ID1242,2.819606093
ID1249,13.64351044
ID1250,14.77349035
ID1251,45.10944631
ID1252,20.78195391
ID1253,8.31966303
ID1254,34.02525568
ID1255,15.37901129
ID1256,18.86797527
ID1264,12.07936675
ID1266,21.15250895
ID1271,46.3394887
ID1276,19.3752264
ID1278,17.67192214
ID1281,16.32331871
ID1283,29.69645641
ID1284,153.4875681
ID1290,40.35893661
ID1294,10.6790043
ID1295,18.11039366
ID1297,14.58107484
ID1298,23.4748193
ID1303,4.258555863
ID1304,37.52588996
ID1308,11.20526702
ID1309,4.07821016
ID1311,22.928046
ID1314,34.23234352
ID1320,17.21903952
ID1327,27.03406972
ID1334,22.71261532
ID1336,55.59273774
ID1338,23.58148568
ID1339,15.00354472
ID1341,4.718067955
ID1342,20.63987188
ID1343,37.6822397
ID1347,15.56420398
ID1350,62.56527941
ID1359,21.16097632
ID1363,22.3612095
ID1366,12.28448381
ID1369,27.43016848
ID1377,38.20989856
ID1378,44.81226493
ID1379,51.68590839
ID1381,33.62506623
ID1389,9.337650355
ID1400,101.788086
ID1407,37.91201816
ID1413,11.68952087
ID1420,42.24219931
ID1424,24.63257972
ID1428,3.907676511
ID1429,25.82826227
ID1430,8.382838962
ID1432,8.772972001
ID1433,24.86995121
ID1435,22.33061458
ID1437,19.93807179
ID1445,46.14737716
ID1448,6.258097614
ID1454,29.35124737
ID1455,24.41592604
ID1456,22.35378571
ID1457,19.9603966
ID1459,20.67344139
ID1462,25.31078703
ID1465,20.02209733
ID1468,15.44216449
ID1470,28.39401661
ID1475,23.74720893
ID1479,30.72552109
ID1480,47.30976149
ID1485,41.20431949
ID1486,3.830153047
ID1488,7.343954364
ID1489,21.38867671
ID1491,35.95915206
ID1496,42.6848738
ID1497,16.27837151
ID1502,9.433248095
ID1503,10.72444796
ID1504,16.64293789
ID1505,9.89229842
ID1506,10.52007638
ID1510,9.242592843
ID1517,13.12493813
ID1520,37.60565764
ID1523,18.18017935
ID1526,19.01635926
ID1527,20.25192488
ID1534,7.939358831
ID1538,27.37263221
ID1541,24.79236073
ID1542,15.96585507
ID1544,13.14539765
ID1545,27.1100663
ID1547,13.99484029
ID1551,31.92008034
ID1552,9.153756675
ID1555,24.47090804
ID1559,39.41371931
ID1560,7.400876936
ID1564,27.56145914
ID1567,24.34309447
ID1569,15.66991686
ID1571,35.23552467
ID1572,14.44084245
ID1573,40.97360821
ID1575,13.27342578
ID1581,57.9647974
ID1582,13.21677821
ID1584,7.773428517
ID1585,30.03502573
ID1587,22.20822256
ID1588,63.0684803
ID1593,14.19787526
ID1595,22.8921275
ID1596,23.80342193
ID1597,8.815194902
ID1599,29.47979289
ID1600,51.35171337
ID1601,19.38026831
ID1602,34.60338059
ID1604,57.95417272
ID1606,23.75179196
ID1607,10.28142966
ID1611,45.55024875
ID1612,19.62734756
ID1620,89.66239693
ID1621,54.35380832
ID1622,26.99557163
ID1624,22.89980778
ID1625,79.77088318
ID1641,33.35184132
ID1646,48.94702179
ID1647,33.82907899
ID1649,16.98088095
ID1652,21.56206296
ID1653,55.30417487
ID1654,19.00891081
ID1655,25.11059325
ID1659,34.28949499
ID1663,32.64570091
ID1670,13.86877703
ID1672,21.05978711
ID1673,17.88591281
ID1674,10.05730738
ID1680,29.43281449
ID1682,12.73677446
ID1683,123.7127467
ID1685,27.61314313
ID1687,31.21241871
ID1688,6.964812779
ID1693,35.7860206
ID1698,22.01861562
ID1704,29.30789575
ID1705,16.17548354
ID1708,33.22090391
ID1713,44.61339713
ID1715,32.735772
ID1717,25.13949632
ID1721,68.62319975
ID1722,19.71022598
ID1727,8.9543979
ID1729,37.74061615
ID1732,32.38218215
ID1736,30.69778804
ID1737,33.97278077
ID1738,22.65481522
ID1739,44.53753641
ID1740,16.73010873
ID1741,8.526336812
ID1743,149.7903599
ID1751,21.38685976
ID1753,17.07504087
ID1757,33.61834998
ID1758,32.01633309
ID1762,191.5177807
ID1763,6.834360143
ID1764,10.3112928
ID1765,17.77397081
ID1766,17.72640381
ID1767,27.95428576
ID1768,59.24155705
ID1771,47.33678697
ID1775,22.8519008
ID1777,30.68873138
ID1778,144.732287
ID1779,16.75936937
ID1781,28.37195902
ID1787,16.34133365
ID1789,24.49911903
ID1793,3.378216314
ID1794,44.3546816
ID1795,14.65309586
ID1798,31.06977191
ID1800,23.152729
ID1809,31.80143453
ID1810,26.95567305
ID1812,39.62402138
ID1815,10.32844859
ID1817,29.76654729
ID1823,14.61281222
ID1825,12.12703642
ID1826,30.06018986
ID1827,16.52021777
ID1829,18.64807433
ID1830,18.57947994
ID1834,22.30810617
ID1835,26.45232366
ID1836,25.80664242
ID1840,13.62246554
ID1842,26.20125637
ID1843,29.21501691
ID1845,36.4455697
ID1846,40.08211656
ID1847,41.94210081
ID1849,0
ID1853,29.19897182
ID1854,37.12588039
ID1855,16.62270338
ID1856,32.46313948
ID1858,21.84063043
ID1859,8.243548441
ID1862,55.66483383
ID1867,15.74494122
ID1868,14.21853593
ID1869,18.37315623
ID1870,16.43880276
ID1871,11.69487892
ID1875,30.24392094
ID1877,47.41078162
ID1878,31.98767886
ID1879,19.35408609
ID1891,24.87563058
ID1892,7.338147102
ID1894,11.55685665
ID1896,32.457712
ID1898,9.689208671
ID1900,5.120656025
ID1905,6.283242236
ID1913,16.3851916
ID1914,1.17447595
ID1915,18.98863921
ID1919,17.84382361
ID1921,2.758458577
ID1923,19.23178396
ID1926,52.71092738
ID1927,10.08518813
ID1931,41.78857498
ID1932,11.52210911
ID1935,18.81614103
ID1936,22.00804388
ID1937,30.29050221
ID1939,7.537588093
ID1940,14.85364083
ID1941,21.27508155
ID1942,44.05647058
ID1945,65.01836942
ID1949,25.15978572
ID1952,22.52830909
ID1953,6.9268341
ID1958,4.096485019
ID1959,18.86954575
ID1964,35.49495334
ID1968,23.52636098
ID1973,9.81641905
ID1977,19.32004461
ID1978,29.10686125
ID1980,30.26643579
ID1984,31.63214873
ID1985,47.61469437
ID1986,0.00012
ID1989,5.63558721
ID1990,26.92334136
ID1992,14.26814765
ID1993,44.59846914
ID2000,18.4234652
ID2001,54.75955095
ID2002,20.22480584
ID2003,10.49250136
ID2005,20.77202024
ID2006,14.88838843
ID2007,11.42753884
ID2009,16.42643211
ID2011,18.56794703
ID2018,11.40735189
ID2020,18.24420228
ID2021,17.74133605
ID2025,26.10066406
ID2027,30.82338654
ID2028,19.12284777
ID2031,11.9904035
ID2035,20.44485451
ID2036,16.3034231
ID2042,40.01806484
ID2045,30.99900669
ID2046,22.51758565
ID2050,9.263461439
ID2058,49.36153364
ID2059,19.37298953
ID2063,17.8273835
ID2064,68.62429603
ID2067,20.4259704
ID2068,26.65695802
ID2069,21.40360085
ID2073,19.80942297
ID2074,6.710908493
ID2075,24.13781205
ID2077,50.35413296
ID2083,38.18626347
ID2089,16.09981354
ID2090,44.34737748
ID2091,22.69742894
ID2092,15.25306131
ID2094,14.16573964
ID2097,73.18861639
ID2103,23.60566703
ID2104,12.51274045
ID2105,25.9433138
ID2106,30.69324076
ID2108,48.14862593
ID2109,14.96353652
ID2110,17.09102099
ID2114,38.71344383
ID2116,21.66627606
ID2125,0
ID2129,9.549870781
ID2130,21.52840642
ID2133,37.83618752
ID2139,3.542673988
ID2142,14.45679832
ID2146,14.91291858
ID2151,4.9700501
ID2153,29.47740584
ID2158,2.650110661
ID2159,9.758476297
ID2161,27.75340751
ID2167,233.2710544
ID2169,4.516003372
ID2173,12.94378128
ID2176,36.18446513
ID2179,40.55478723
ID2180,13.15929261
ID2184,38.1619998
ID2185,22.84797744
ID2187,9.020419572
ID2188,7.362550757
ID2189,32.88782109
ID2190,11.38645964
ID2193,57.38753879
ID2194,141.405208
ID2201,42.36246957
ID2203,3.123620383
ID2206,9.313572287
ID2211,28.14365152
ID2212,10.49276352
ID2218,25.50874005
ID2220,61.63317537
ID2221,215.7140375
ID2223,19.1831657
ID2224,18.64708361
ID2225,25.04408875
ID2226,24.9332393
ID2227,16.76391343
ID2231,24.58602047
ID2232,5.86870603
ID2233,20.90060548
ID2235,27.2248008
ID2236,15.55867664
ID2241,19.47224067
ID2244,25.71780045
ID2246,36.74432807
ID2253,25.99225964
ID2254,23.50818471
ID2255,20.1044764
ID2256,0.060595876
ID2263,24.80462883
ID2264,10.33876705
ID2265,35.00478809
ID2271,9.918499375
ID2272,1.637480816
ID2273,50.15055666
ID2274,20.55615715
ID2276,25.51125266
ID2278,27.63980442
ID2282,8.128577956
ID2285,54.75233499
ID2286,24.09217776
ID2288,43.68154746
ID2289,51.0426248
ID2294,21.29691659
ID2295,9.606437737
ID2299,6.681797607
ID2300,26.37046935
ID2302,19.06489567
ID2303,22.66528138
ID2304,11.90680851
ID2305,1.396619445
ID2309,15.9478326
ID2310,38.1923227
ID2312,102.6947794
ID2313,30.81249844
ID2315,5.870966709
ID2319,29.73017724
ID2320,13.24942483
ID2323,49.92248882
ID2326,6.280615549
ID2327,11.51668681
ID2334,11.66100329
ID2335,72.40289813
ID2336,1.601315685
ID2338,43.0717609
ID2339,9.932796389
ID2340,6.811342902
ID2342,49.84847119
ID2343,16.0593327
ID2344,31.92257011
ID2345,3.117967655
ID2346,32.63321388
ID2353,20.37966829
ID2354,29.54319683
ID2356,44.69889106
ID2358,21.5646933
ID2360,19.20350343
ID2364,19.09242638
ID2371,12.41447533
ID2372,48.21185549
ID2373,0.364685601
ID2374,15.69286472
ID2375,23.13970843
ID2376,29.26121362
ID2378,24.40540115
ID2381,24.20384568
ID2383,23.02857821
ID2384,32.62161194
ID2387,34.22541781
ID2388,24.47295291
ID2390,11.57517204
ID2391,32.01581958
ID2392,10.40765646
ID2394,42.18661094
ID2398,49.38008381
ID2399,9.318680577
ID2403,8.4111117
ID2404,23.213869
ID2405,21.50780988
ID2406,26.83484202
ID2407,26.91174699
ID2408,18.66067169
ID2410,27.50223609
ID2413,23.02325096
ID2418,32.97462937
ID2420,50.44918278
ID2422,131.9514537
ID2425,19.49760214
ID2428,22.27771909
ID2429,19.45825175
ID2433,44.87255399
ID2440,20.92495228
ID2453,14.50517684
ID2455,17.89175806
ID2459,29.4441415
ID2461,9.237304128
ID2462,59.3666376
ID2469,19.00213126
ID2472,8.892310508
ID2473,28.39695306
ID2475,6.504660318
ID2476,21.79322724
ID2479,9.452792399
ID2483,36.13275046
ID2486,92.1783499
ID2489,13.12910783
ID2491,15.54015669
ID2492,9.482430588
ID2497,29.48114127
ID2498,13.99175807
ID2500,10.10982621
ID2501,11.81562733
ID2505,32.46134285
ID2508,19.10887348
ID2509,9.53841046
ID2510,15.58505293
ID2513,24.08931109
ID2514,26.57101616
ID2516,7.783980008
ID2517,39.77079313
ID2518,27.50546145
ID2519,16.4914896
ID2520,31.65933386
ID2521,6.941809184
ID2522,18.02069958
ID2524,62.811349
ID2525,16.23499754
ID2534,0.001638215
ID2539,23.54229155
ID2541,18.61514591
ID2544,15.43595348
ID2547,7.673998942
ID2551,16.3278065
ID2556,17.64796782
ID2557,21.15072823
ID2558,29.6680627
ID2559,34.31676982
ID2564,27.57182564
ID2566,46.80091684
ID2567,20.35301748
ID2568,45.26443223
ID2569,21.36250934
ID2570,8.096003328
ID2571,20.96825408
ID2573,63.31599852
ID2576,21.42445445
ID2577,36.39236709
ID2580,19.71251724
ID2581,29.4102276
ID2584,138.761549
ID2588,50.74031148
ID2590,27.74965341
ID2591,2.119367478
ID2593,25.5022559
ID2597,20.81874167
ID2599,33.01448674
ID2603,23.00333555
ID2604,60.37773396
ID2610,36.539328
ID2613,33.24170986
ID2615,12.78556955
ID2616,165.2062652
ID2617,10.31186588
ID2620,60.9191609
ID2621,68.09167963
ID2624,13.84529576
ID2626,9.991393169
ID2627,17.84431272
ID2630,33.26470854
ID2632,56.12369616
ID2636,56.88848485
ID2645,23.38137886
ID2646,11.19550209
ID2647,16.90353754
ID2649,36.05607991
ID2650,37.33165763
ID2653,18.86067308
ID2654,25.31088214
ID2656,15.03433919
ID2658,8.256696303
ID2659,12.92221199
ID2660,116.1644085
ID2664,2.712772838
ID2677,20.50897507
ID2678,29.61709195
ID2683,23.1563154
ID2684,14.14945275
ID2687,24.22476715
ID2695,14.47015602
ID2696,47.32742061
ID2697,7.861247971
ID2698,27.25070402
ID2705,12.06301909
ID2708,30.53276051
ID2709,36.59627262
ID2710,44.67485441
ID2711,17.86698215
ID2712,38.01737672
ID2714,41.26873601
ID2715,26.31729922
ID2717,66.51596507
ID2719,15.02164117
ID2721,1.544391317
ID2722,19.20311628
ID2727,31.47649589
ID2728,13.93466068
ID2730,16.55420574
ID2738,31.93643969
ID2747,16.85636432
ID2748,30.62476233
ID2749,13.45531859
ID2750,20.55025377
ID2751,26.82163547
ID2753,16.45594289
ID2758,27.1673045
ID2760,15.55596656
ID2764,46.55589447
ID2766,70.14531641
ID2768,22.68050012
ID2769,16.21224607
ID2770,168.167491
ID2771,31.53325265
ID2772,17.66158727
ID2773,13.63453623
ID2774,73.0225721
ID2776,10.88939966
ID2781,16.11632609
ID2784,30.38696471
ID2785,23.42524436
ID2788,39.40984266
ID2789,33.32619098
ID2791,17.75262818
ID2793,31.641195
ID2794,5.999324303
ID2795,23.97762301
ID2796,18.2197458
ID2797,12.81810623
ID2798,30.09417121
ID2801,16.6493864
ID2802,57.16714106
ID2803,17.20030351
ID2804,10.97650638
ID2805,17.24257125
ID2806,16.94949611
ID2808,2.186979454
ID2811,44.11422082
ID2821,24.23708039
ID2822,13.23502069
ID2823,8.64276285
ID2826,32.39483675
ID2827,27.82486127
ID2829,10.51653804
ID2831,17.65548296
ID2833,6.284762185
ID2834,26.34107832
ID2836,26.3573859
ID2839,43.69543382
ID2840,14.8393174
ID2841,17.60267638
ID2843,28.56138718
ID2844,16.39746007
ID2845,23.19430967
ID2846,17.82142827
ID2853,20.0906339
ID2856,25.0846741
ID2863,3.833805005
ID2865,13.71550913
ID2866,4.536528151
ID2867,7.508291883
ID2868,33.36131075
ID2870,20.15457524
ID2871,40.93939124
ID2872,43.7576009
ID2874,22.70501222
ID2875,5.456346976
ID2879,11.26845392
ID2880,21.06132867
ID2882,26.66887936
ID2883,21.90102417
ID2892,17.90026927
ID2893,3.940740675
ID2894,20.46975207
ID2895,19.18425004
ID2900,35.14880292
ID2901,16.57758112
ID2902,15.70559642
ID2906,24.81279229
ID2908,1.828928798
ID2910,23.84332494
ID2911,44.12229715
ID2913,16.22942665
ID2918,23.68905654
ID2920,25.6257183
ID2921,19.03675973
ID2923,71.74876001
ID2925,4.441220763
ID2927,14.20353076
ID2929,35.83649687
ID2930,35.73303321
ID2932,6.582696632
ID2933,11.49219234
ID2934,8.170459592
ID2937,27.74899772
ID2938,13.90676087
ID2939,23.23732386
ID2942,28.37087871
ID2944,23.04255493
ID2946,7.80915669
ID2948,43.63284495
ID2951,27.47211085
ID2952,21.96303454
ID2953,46.64480601
ID2954,27.01550403
ID2955,23.54004018
ID2956,4.349401272
ID2962,50.218236
ID2964,13.54317617
ID2966,25.42386944
ID2968,15.78903666
ID2970,10.32892338
ID2971,10.91963867
ID2973,21.61669614
ID2975,11.16084435
ID2977,35.91770289
ID2979,12.21106847
ID2980,0.143888072
ID2981,2.096158727
ID2982,3.414046594
ID2983,16.50410164
ID2984,5.408030095
ID2986,15.17021109
ID2990,24.92505513
ID2991,20.5193955
ID2992,27.72843678
ID2998,25.09004515
ID2999,79.82428553
ID3001,3.060738102
ID3002,2.711388065
ID3004,13.57248467
ID3005,18.40428558
ID3006,61.75829159
ID3009,29.73259342
ID3010,14.00926732
ID3011,19.9909089
ID3016,50.28720296
ID3018,34.52806024
ID3019,36.44340131
ID3026,13.71524848
ID3027,7.221517793
ID3028,3.973763282
ID3029,1.964141003
ID3030,14.19943976
ID3032,41.7201366
ID3033,20.20892576
ID3034,15.51261479
ID3035,21.68970443
ID3036,20.85149395
ID3038,19.96150232
ID3039,29.54865001
ID3040,37.9480266
ID3041,37.65880993
ID3043,39.48057089
ID3044,28.85153561
ID3045,20.65826871
ID3046,42.56571647
ID3047,14.33201617
ID3048,22.84697102
ID3049,14.56553145
ID3050,35.83885273
ID3058,75.68640309
ID3062,39.93146487
ID3063,38.47551981
ID3065,8.755485738
ID3066,30.29903247
ID3067,18.47903761
ID3068,53.13869561
ID3069,71.23654484
ID3070,69.12513953
ID3072,44.33082055
ID3073,18.27039097
ID3074,59.2884336
ID3075,32.75265384
ID3076,26.71057528
ID3077,15.24034545
ID3078,11.82990028
ID3080,28.27735566
ID3081,21.75772016
ID3082,15.52036484
ID3083,4.272118312
ID3087,9.142506849
ID3093,9.843795275
ID3094,43.10569056
ID3095,128.3881813
ID3100,24.03770277
ID3102,17.09113574
ID3103,28.67487432
ID3107,18.5387284
ID3110,60.44005703
ID3112,13.73361324
ID3113,66.92908588
ID3114,7.742794878
ID3115,24.61812019
ID3117,37.32733837
ID3119,11.27323126
ID3120,27.88087424
ID3121,49.32013802
ID3122,1.420802835
ID3124,25.3929438
ID3133,35.3973434
ID3135,17.42797163
ID3136,20.04366676
ID3138,25.01037544
ID3139,25.16516192
ID3140,8.400259702
ID3141,17.79067268
ID3142,1.809037799
ID3143,3.613185758
ID3144,5.531897021
ID3145,0.388247275
ID3146,7.885171881
ID3147,4.334338022
ID3148,45.32203839
ID3149,43.90442245
ID3150,19.12699254
ID3151,29.55305305
ID3157,27.55387589
ID3158,9.554644271
ID3160,14.7439654
ID3162,3.518642175
ID3164,30.03445393
ID3165,15.42544097
ID3166,14.34909322
ID3167,30.19974483
ID3168,21.68442853
ID3170,33.87590032
ID3171,9.715512917
ID3173,17.10525971
ID3174,6.051949928
ID3176,5.492872448
ID3179,55.61140736
ID3180,0.028570115
ID3188,22.39163752
ID3191,35.84951279
ID3194,13.03620037
ID3195,28.10012834
ID3198,17.25689191
ID3200,0.787511959
ID3201,10.85818195
ID3202,32.61017207
ID3203,11.85661079
ID3205,52.77783877
ID3207,22.73698933
ID3208,8.911514073
ID3211,5.641962734
ID3212,26.25256429
ID3213,28.70186349
ID3215,10.16293148
ID3219,18.9167186
ID3222,240.8748194
ID3224,18.09091408
ID3225,22.85339485
ID3228,36.13060918
ID3229,36.15750951
ID3230,24.71540899
ID3231,30.89564052
ID3233,24.59911911
ID3235,23.32051662
ID3236,21.02395454
ID3237,65.47248328
ID3238,57.05555715
ID3239,13.24543266
ID3241,18.3730317
ID3244,20.29767194
ID3246,40.02440187
ID3248,44.02171395
ID3249,10.32057589
ID3251,23.21958045
ID3253,44.60607386
ID3254,16.54083051
ID3257,13.99467399
ID3260,18.07256907
ID3261,24.16234113
ID3262,21.50682785
ID3263,39.03308532
ID3267,66.79372956
ID3268,15.16072971
ID3270,19.47382376
ID3271,33.9994223
ID3272,16.98545353
ID3274,12.02238386
ID3275,0
ID3276,25.07435453
ID3277,24.15089732
ID3279,52.73250992
ID3281,25.62647937
ID3282,40.00631073
ID3285,11.65971258
ID3287,24.73390762
ID3291,34.73266431
ID3293,70.61976769
ID3294,21.6967758
ID3295,25.05870342
ID3296,30.32809129
ID3297,11.0541722
ID3305,20.9498095
ID3306,19.02284197
ID3307,70.18930677
ID3308,17.74951438
ID3309,18.09985308
ID3312,29.39348738
ID3313,14.29981389
ID3314,31.57068633
ID3319,12.34071774
ID3320,20.85863372
ID3321,22.88750373
ID3322,2.828278041
ID3332,7.533108576
ID3342,21.7696998
ID3343,19.83412634
ID3344,18.20576546
ID3346,67.48220876
ID3347,29.63501175
ID3348,35.44914042
ID3349,22.17642532
ID3350,23.20015668
ID3351,55.26333269
ID3352,17.28964241
ID3353,26.26207341
ID3354,3.072587019
ID3355,18.41623571
ID3356,42.04910061
ID3358,19.27190048
ID3359,19.54220745
ID3360,17.96478693
ID3361,38.32815914
ID3362,16.03078233
ID3363,29.33641028
ID3364,43.0249634
ID3365,19.19757336
ID3366,65.89182967
ID3376,34.20660085
ID3377,14.60185832
ID3378,18.47478645
ID3381,19.58365224
ID3382,17.45517739
ID3383,17.92949444
ID3385,169.0965535
ID3389,38.08955201
ID3390,7.925180332
ID3394,15.90488958
ID3395,99.69984422
ID3399,31.24576315
ID3400,11.52900836
ID3405,31.05496543
ID3406,18.76514834
ID3408,16.3620305
ID3409,7.665223442
ID3410,3.38627304
ID3420,24.50738664
ID3427,3.493217187
ID3428,6.860819985
ID3438,42.76738254
ID3439,42.40094908
ID3440,19.51727183
ID3445,37.80862663
ID3449,26.10937779
ID3450,40.10527513
ID3451,42.75810623
ID3453,19.4211109
ID3454,42.57442045
ID3456,21.64627429
ID3457,48.12684477
ID3458,15.29291132
ID3459,33.369624
ID3462,17.6947566
ID3463,41.47593085
ID3464,26.17029223
ID3468,19.09613652
ID3470,11.64979481
ID3474,7.005510732
ID3476,55.39004552
ID3478,3.874281327
ID3480,47.08056232
ID3483,18.27240737
ID3490,8.553802724
ID3494,18.26604969
ID3498,2.413011641
ID3501,29.5977
ID3503,18.15822363
ID3504,23.44461312
ID3509,27.78731974
ID3511,16.05794258
ID3514,14.85581094
ID3515,50.982863
ID3518,3.174920019
ID3522,18.48507574
ID3523,7.32112125
ID3524,16.33143451
ID3527,28.925443
ID3531,43.62322291
ID3533,10.91736031
ID3534,29.04716131
ID3536,5.710496101
ID3541,30.21082498
ID3542,28.37215928
ID3543,14.7148584
ID3546,10.37692531
ID3549,25.71223711
ID3550,28.06270044
ID3552,40.76823273
ID3555,35.36235859
ID3556,17.18104459
ID3557,27.68143003
ID3558,35.97940377
ID3559,39.95986098
ID3560,3.697861813
ID3561,20.42359113
ID3564,46.40301466
ID3565,33.99542497
ID3566,4.897049392
ID3568,25.24043794
ID3573,14.08152575
ID3580,24.60296345
ID3585,35.92926829
ID3588,13.75847369
ID3591,28.80962738
ID3597,24.83851571
ID3599,15.27599257
ID3601,24.24652039
ID3602,60.51166463
ID3612,10.09833592
ID3613,36.36625788
ID3614,11.24160409
ID3624,113.9404091
ID3625,50.60413172
ID3627,0
ID3632,48.9929529
ID3635,27.97325684
ID3636,19.05051998
ID3638,19.50789053
ID3639,15.25656585
ID3640,37.04465611
ID3642,4.394846749
ID3643,77.34458136
ID3644,16.296334
ID3645,116.1435737
ID3646,22.35460023
ID3648,26.08777461
ID3649,7.979125343
ID3651,27.24678888
ID3654,14.22113784
ID3670,31.1542869
ID3671,19.64529625
ID3672,15.32941998
ID3677,25.86409107
ID3680,20.04877657
ID3681,20.77184174
ID3684,31.38173798
ID3688,12.1368533
ID3690,21.32364875
ID3692,63.17059392
ID3696,47.12148781
ID3701,14.97672006
ID3718,12.05175788
ID3720,43.64278932
ID3723,97.21558395
ID3725,16.32843096
ID3726,16.93955001
ID3731,18.09413713
ID3733,57.43953323
ID3736,66.40698632
ID3738,22.13965869
ID3745,23.5689481
ID3748,25.82920764
ID3750,25.10156428
ID3753,0.593522509
ID3758,7.175798211
ID3760,51.01117518
ID3763,15.35925649
ID3767,6.765099829
ID3774,26.40067794
ID3775,28.14243945
ID3776,19.41016603
ID3778,3.829775191
ID3779,13.72236613
ID3784,1.949587887
ID3785,25.12823251
ID3786,16.99423875
ID3787,45.31124455
ID3788,7.022926745
ID3790,25.98625102
ID3793,2.229694228
ID3794,72.36080853
ID3796,35.23824673
ID3797,29.18674769
ID3798,26.98736316
ID3799,29.1504016
ID3800,23.42701065
ID3801,26.85815353
ID3802,32.17911708
ID3803,19.80159941
ID3804,30.28872974
ID3806,163.3904785
ID3807,6.405986672
ID3808,15.66773801
ID3809,23.75105076
ID3810,17.29226259
ID3812,7.494602615
ID3815,51.60771278
ID3816,20.13140473
ID3817,13.66624298
ID3818,23.01320628
ID3819,78.17768086
ID3820,28.32050066
ID3822,31.34129754
